PRAGMA foreign_keys=OFF;
BEGIN TRANSACTION;
CREATE TABLE assetTypes 

( 

   assetType           INTEGER PRIMARY KEY 

 , name                NVARCHAR(50) NOT NULL COLLATE NOCASE 

);
INSERT INTO assetTypes VALUES(0,'Charactor');
INSERT INTO assetTypes VALUES(1,'Word');
INSERT INTO assetTypes VALUES(2,'Sentence');
INSERT INTO assetTypes VALUES(3,'Image');
INSERT INTO assetTypes VALUES(4,'SVG');
CREATE TABLE groups 

( 

   groupID             INTEGER PRIMARY KEY AUTOINCREMENT 

 , name                NVARCHAR(20) NOT NULL COLLATE NOCASE 

 , assetType           INTEGER NOT NULL REFERENCES assetTypes(assetType) 

 , sequence            INTEGER NOT NULL 

);
INSERT INTO "groups" VALUES(1,'abc',0,1);
INSERT INTO "groups" VALUES(2,'ABC',0,2);
INSERT INTO "groups" VALUES(3,'123',0,3);
INSERT INTO "groups" VALUES(4,'?<+',0,4);
INSERT INTO "groups" VALUES(5,'APL',0,5);
INSERT INTO "groups" VALUES(6,'Default',1,1);
INSERT INTO "groups" VALUES(7,'∆∇',0,6);
INSERT INTO "groups" VALUES(8,'↑↓',0,7);
CREATE TABLE chars 
( 
   assetID             INTEGER PRIMARY KEY AUTOINCREMENT 
 , groupID             INTEGER NOT NULL REFERENCES groups(groupID) 
 , text                NVARCHAR(1) NOT NULL COLLATE NOCASE 
 , unicode10           INTEGER NOT NULL 
 , sequence            INTEGER NOT NULL 
);
INSERT INTO chars VALUES(1,1,'a',97,1);
INSERT INTO chars VALUES(2,1,'b',98,2);
INSERT INTO chars VALUES(3,1,'c',99,3);
INSERT INTO chars VALUES(4,1,'d',100,4);
INSERT INTO chars VALUES(5,1,'e',101,5);
INSERT INTO chars VALUES(6,1,'f',102,6);
INSERT INTO chars VALUES(7,1,'g',103,7);
INSERT INTO chars VALUES(8,1,'h',104,8);
INSERT INTO chars VALUES(9,1,'i',105,9);
INSERT INTO chars VALUES(10,1,'j',106,10);
INSERT INTO chars VALUES(11,1,'k',107,11);
INSERT INTO chars VALUES(12,1,'l',108,12);
INSERT INTO chars VALUES(13,1,'m',109,13);
INSERT INTO chars VALUES(14,1,'n',110,14);
INSERT INTO chars VALUES(15,1,'o',111,15);
INSERT INTO chars VALUES(16,1,'p',112,16);
INSERT INTO chars VALUES(17,1,'q',113,17);
INSERT INTO chars VALUES(18,1,'r',114,18);
INSERT INTO chars VALUES(19,1,'s',115,19);
INSERT INTO chars VALUES(20,1,'t',116,20);
INSERT INTO chars VALUES(21,1,'u',117,21);
INSERT INTO chars VALUES(22,1,'v',118,22);
INSERT INTO chars VALUES(23,1,'w',119,23);
INSERT INTO chars VALUES(24,1,'x',120,24);
INSERT INTO chars VALUES(25,1,'y',121,25);
INSERT INTO chars VALUES(26,1,'z',122,26);
INSERT INTO chars VALUES(27,2,'A',65,27);
INSERT INTO chars VALUES(28,2,'B',66,28);
INSERT INTO chars VALUES(29,2,'C',67,29);
INSERT INTO chars VALUES(30,2,'D',68,30);
INSERT INTO chars VALUES(31,2,'E',69,31);
INSERT INTO chars VALUES(32,2,'F',70,32);
INSERT INTO chars VALUES(33,2,'G',71,33);
INSERT INTO chars VALUES(34,2,'H',72,34);
INSERT INTO chars VALUES(35,2,'I',73,35);
INSERT INTO chars VALUES(36,2,'J',74,36);
INSERT INTO chars VALUES(37,2,'K',75,37);
INSERT INTO chars VALUES(38,2,'L',76,38);
INSERT INTO chars VALUES(39,2,'M',77,39);
INSERT INTO chars VALUES(40,2,'N',78,40);
INSERT INTO chars VALUES(41,2,'O',79,41);
INSERT INTO chars VALUES(42,2,'P',80,42);
INSERT INTO chars VALUES(43,2,'Q',81,43);
INSERT INTO chars VALUES(44,2,'R',82,44);
INSERT INTO chars VALUES(45,2,'S',83,45);
INSERT INTO chars VALUES(46,2,'T',84,46);
INSERT INTO chars VALUES(47,2,'U',85,47);
INSERT INTO chars VALUES(48,2,'V',86,48);
INSERT INTO chars VALUES(49,2,'W',87,49);
INSERT INTO chars VALUES(50,2,'X',88,50);
INSERT INTO chars VALUES(51,2,'Y',89,51);
INSERT INTO chars VALUES(52,2,'Z',90,52);
INSERT INTO chars VALUES(53,3,'0',48,53);
INSERT INTO chars VALUES(54,3,'1',49,54);
INSERT INTO chars VALUES(55,3,'2',50,55);
INSERT INTO chars VALUES(56,3,'3',51,56);
INSERT INTO chars VALUES(57,3,'4',52,57);
INSERT INTO chars VALUES(58,3,'5',53,58);
INSERT INTO chars VALUES(59,3,'6',54,59);
INSERT INTO chars VALUES(60,3,'7',55,60);
INSERT INTO chars VALUES(61,3,'8',56,61);
INSERT INTO chars VALUES(62,3,'9',57,62);
INSERT INTO chars VALUES(63,4,',',44,63);
INSERT INTO chars VALUES(64,4,'.',46,64);
INSERT INTO chars VALUES(65,4,';',59,65);
INSERT INTO chars VALUES(66,4,':',58,66);
INSERT INTO chars VALUES(67,4,'?',63,67);
INSERT INTO chars VALUES(68,4,'!',33,68);
INSERT INTO chars VALUES(69,4,'''',39,69);
INSERT INTO chars VALUES(70,4,'"',34,70);
INSERT INTO chars VALUES(71,4,'(',40,71);
INSERT INTO chars VALUES(72,4,')',41,72);
INSERT INTO chars VALUES(73,4,'[',91,73);
INSERT INTO chars VALUES(74,4,']',93,74);
INSERT INTO chars VALUES(75,4,'{',123,75);
INSERT INTO chars VALUES(76,4,'}',125,76);
INSERT INTO chars VALUES(77,4,'<',60,77);
INSERT INTO chars VALUES(78,4,'>',62,78);
INSERT INTO chars VALUES(79,4,'~',126,79);
INSERT INTO chars VALUES(80,4,'@',64,80);
INSERT INTO chars VALUES(81,4,'#',35,81);
INSERT INTO chars VALUES(82,4,'$',36,82);
INSERT INTO chars VALUES(83,4,'%',37,83);
INSERT INTO chars VALUES(84,4,'^',94,84);
INSERT INTO chars VALUES(85,4,'&',38,85);
INSERT INTO chars VALUES(86,4,'+',43,86);
INSERT INTO chars VALUES(87,4,'-',45,87);
INSERT INTO chars VALUES(88,4,'*',42,88);
INSERT INTO chars VALUES(89,4,'/',47,89);
INSERT INTO chars VALUES(90,4,'|',124,90);
INSERT INTO chars VALUES(93,5,'∈',8712,91);
INSERT INTO chars VALUES(94,5,'≡',8801,92);
INSERT INTO chars VALUES(95,5,'≢',8802,93);
INSERT INTO chars VALUES(96,5,'≤',8804,94);
INSERT INTO chars VALUES(97,5,'≥',8805,95);
INSERT INTO chars VALUES(98,5,'⊂',8834,96);
INSERT INTO chars VALUES(99,5,'⊃',8835,97);
INSERT INTO chars VALUES(100,5,'⊢',8866,98);
INSERT INTO chars VALUES(101,5,'⊣',8867,99);
INSERT INTO chars VALUES(102,5,'⊤',8868,100);
INSERT INTO chars VALUES(103,5,'⊥',8869,101);
INSERT INTO chars VALUES(112,5,'⋸',8952,102);
INSERT INTO chars VALUES(113,5,'⌈',8968,103);
INSERT INTO chars VALUES(114,5,'⌊',8970,104);
INSERT INTO chars VALUES(115,5,'⌸',9016,105);
INSERT INTO chars VALUES(116,5,'⌹',9017,106);
INSERT INTO chars VALUES(117,5,'⌺',9018,107);
INSERT INTO chars VALUES(118,5,'⌽',9021,108);
INSERT INTO chars VALUES(119,5,'⍉',9033,109);
INSERT INTO chars VALUES(123,5,'⍞',9054,110);
INSERT INTO chars VALUES(124,5,'⍠',9056,111);
INSERT INTO chars VALUES(129,5,'⏁',9153,112);
INSERT INTO chars VALUES(130,5,'⏂',9154,113);
INSERT INTO chars VALUES(133,5,'∅',8709,114);
INSERT INTO chars VALUES(134,5,'⋄',8900,115);
INSERT INTO chars VALUES(135,5,'⍠',9056,116);
INSERT INTO chars VALUES(136,5,'⍢',9058,117);
INSERT INTO chars VALUES(137,5,'⍣',9059,118);
INSERT INTO chars VALUES(138,5,'⍤',9060,119);
INSERT INTO chars VALUES(139,5,'⍥',9061,120);
INSERT INTO chars VALUES(140,5,'⍨',9064,121);
INSERT INTO chars VALUES(141,5,'⍩',9065,122);
INSERT INTO chars VALUES(142,5,'⍪',9066,123);
INSERT INTO chars VALUES(144,5,'⍬',9068,124);
INSERT INTO chars VALUES(145,5,'⍱',9073,125);
INSERT INTO chars VALUES(146,5,'⍲',9074,126);
INSERT INTO chars VALUES(147,5,'⍳',9075,127);
INSERT INTO chars VALUES(148,5,'⍴',9076,128);
INSERT INTO chars VALUES(149,5,'⍵',9077,129);
INSERT INTO chars VALUES(150,5,'⍷',9079,130);
INSERT INTO chars VALUES(151,5,'⍸',9080,131);
INSERT INTO chars VALUES(152,5,'⍹',9081,132);
INSERT INTO chars VALUES(153,5,'⍺',9082,133);
INSERT INTO chars VALUES(155,5,'○',9675,134);
INSERT INTO chars VALUES(156,4,'`',96,151);
INSERT INTO chars VALUES(157,4,'\',92,152);
INSERT INTO chars VALUES(158,5,'◇',9671,137);
INSERT INTO chars VALUES(159,5,'¨',168,138);
INSERT INTO chars VALUES(160,5,'⌶',9014,139);
INSERT INTO chars VALUES(161,5,'⌷',9015,140);
INSERT INTO chars VALUES(162,5,'⎕',9109,141);
INSERT INTO chars VALUES(163,5,'⁻',8315,142);
INSERT INTO chars VALUES(164,4,'_',95,159);
INSERT INTO chars VALUES(165,7,'∆',8710,160);
INSERT INTO chars VALUES(166,7,'∇',8711,161);
INSERT INTO chars VALUES(167,7,'∘',8728,162);
INSERT INTO chars VALUES(168,7,'∙',8729,163);
INSERT INTO chars VALUES(169,7,'⍋',9035,164);
INSERT INTO chars VALUES(170,7,'⍒',9042,165);
INSERT INTO chars VALUES(171,7,'⍙',9049,166);
INSERT INTO chars VALUES(172,7,'⍫',9067,167);
INSERT INTO chars VALUES(173,8,'↑',8593,168);
INSERT INTO chars VALUES(174,8,'↓',8595,169);
INSERT INTO chars VALUES(175,7,'⊲',8882,170);
INSERT INTO chars VALUES(176,7,'⊳',8883,171);
INSERT INTO chars VALUES(177,7,'⊴',8884,172);
INSERT INTO chars VALUES(178,7,'⊵',8885,173);
INSERT INTO chars VALUES(179,5,'⊆',8838,170);
INSERT INTO chars VALUES(180,7,'≤',8804,175);
INSERT INTO chars VALUES(181,7,'≥',8805,176);
INSERT INTO chars VALUES(182,5,'≠',8800,173);
INSERT INTO chars VALUES(183,4,'=',61,178);
INSERT INTO chars VALUES(184,5,'⊖',8854,175);
INSERT INTO chars VALUES(185,5,'⍟',9055,176);
INSERT INTO chars VALUES(186,7,'⋀',8896,181);
INSERT INTO chars VALUES(187,7,'⋁',8897,182);
INSERT INTO chars VALUES(188,8,'←',8592,183);
INSERT INTO chars VALUES(189,8,'→',8594,184);
INSERT INTO chars VALUES(190,5,'⍝',9053,183);
INSERT INTO chars VALUES(191,5,'⌿',9023,184);
INSERT INTO chars VALUES(192,5,'⍀',9024,185);
INSERT INTO chars VALUES(193,5,'×',215,186);
INSERT INTO chars VALUES(194,5,'÷',247,187);
INSERT INTO chars VALUES(195,4,'…',8230,190);
INSERT INTO chars VALUES(196,5,'∩',8745,189);
INSERT INTO chars VALUES(197,5,'∪',8746,190);
CREATE TABLE words 

( 

   assetID             INTEGER PRIMARY KEY AUTOINCREMENT 

 , groupID             INTEGER NOT NULL REFERENCES groups(groupID) 

 , text                NVARCHAR(20) NOT NULL COLLATE NOCASE 

 , sequence            INTEGER NOT NULL 

);
INSERT INTO words VALUES(1,6,'123',1);
INSERT INTO words VALUES(2,6,'⍺⍴⍳',2);
INSERT INTO words VALUES(3,6,'ABC',3);
INSERT INTO words VALUES(4,6,'⍬+≡',4);
CREATE TABLE sentences 

( 

   assetID             INTEGER PRIMARY KEY AUTOINCREMENT 

 , groupID             INTEGER NOT NULL REFERENCES groups(groupID) 

 , text                NVARCHAR(250) NOT NULL COLLATE NOCASE 

 , sequence            INTEGER NOT NULL 

);
CREATE TABLE settings 

( 

   settingID           NVARCHAR(250) 

 , name                NVARCHAR(250) 

 , value               NVARCHAR(250) 

);
INSERT INTO settings VALUES('DBVersion','Database Version','1');
DELETE FROM sqlite_sequence;
INSERT INTO sqlite_sequence VALUES('groups',8);
INSERT INTO sqlite_sequence VALUES('chars',197);
INSERT INTO sqlite_sequence VALUES('words',5);
COMMIT;
